cluster,ELA001_L1,ELA001_L2,ELA001_L3,ELA001_L4,ELA001_L5,ELA001_L6,ELA001_L7,ELA001_L8,ELA001_L9,ELA001_L10,ELA001_L11,ELA001_L12,ELA001_L13,ELA001_L14,ELA001_L15
Acanthosomatidae_cluster1,0,0,0,0,0,0,0,0,79,0,0,0,304,0,0
Acaridae_cluster3,0,0,0,0,0,0,0,0,0,0,0,0,0,0,0
Acaridae_cluster6,0,0,0,0,0,0,0,0,0,0,0,0,0,0,0
Agromyzidae_cluster46,0,0,0,0,0,0,0,12140,0,0,0,0,0,0,0
Agromyzidae_cluster57,0,0,0,0,0,0,0,2853,0,0,0,0,0,0,0
Amaurobiidae_cluster1,0,0,0,0,0,0,0,0,2529,0,0,0,2895,0,0
Anisopodidae_cluster1,0,0,0,0,0,29395,0,0,20795,0,171194,64012,43770,0,7234
Anisopodidae_cluster2,43567,2107,24708,55585,10439,5476,2547,14543,17523,0,0,0,13856,0,2855
Anisopodidae_cluster3,0,0,0,0,0,0,0,0,0,0,54105,72372,16695,0,0
Anisopodidae_cluster4,0,0,0,0,0,0,0,0,52682,0,0,20152,0,0,35063
Anisopodidae_cluster5,0,0,0,0,0,5070,0,0,0,0,0,0,0,0,0
Anobiidae_cluster1,0,0,0,0,0,0,0,0,0,0,0,0,0,0,0
Anthomyiidae_cluster103,0,1854,0,0,0,0,0,0,0,0,0,0,0,0,0
Anthomyiidae_cluster2,0,0,0,0,0,0,0,0,0,0,0,36424,0,0,0
Anthomyiidae_cluster21,0,17424,0,0,0,0,0,0,130898,0,0,11201,70286,0,4185
Anthomyiidae_cluster26,0,0,18428,0,0,0,0,0,0,0,0,0,0,0,0
Anthomyiidae_cluster32,0,0,19603,106228,22843,15751,0,0,0,0,0,0,0,0,0
Anthomyiidae_cluster39,878,5668,0,0,0,0,0,0,0,0,11622,0,0,0,0
Anthomyiidae_cluster61,0,0,0,2410,0,0,0,0,0,0,0,0,0,0,0
Anthomyiidae_cluster74,0,0,641,2146,0,0,0,0,0,0,0,0,0,0,0
Anthribidae_cluster1,0,7,37,90,0,0,0,0,0,0,0,0,0,0,0
Anystidae_cluster3,0,0,0,0,0,0,0,0,0,0,0,0,0,0,0
Aphididae_cluster15,0,286,0,0,0,0,810,0,450,0,896,529,0,0,569
Aphididae_cluster16,0,0,0,0,0,0,0,0,1698,0,0,0,0,0,0
Aphididae_cluster2,0,0,0,109,226,1477,0,1648,0,0,0,0,0,0,0
Aphididae_cluster36,0,0,0,0,0,0,0,0,0,0,2952,1435,0,0,0
Aphididae_cluster5,0,0,0,0,0,0,0,0,0,0,0,0,0,0,0
Apidae_cluster2,0,0,0,0,0,0,0,242,0,0,0,0,0,0,0
Apidae_cluster43,0,0,0,0,0,0,0,0,0,0,0,0,0,0,0
Araneidae_cluster4,266,0,0,0,0,0,0,0,0,0,0,0,0,0,0
Ascidae_cluster2,204,201,61,10,124,150,0,203,0,18,0,0,191,0,0
Aulacigastridae_cluster1,635,0,0,0,1357,0,0,0,0,0,0,0,173,0,0
Aulacigastridae_cluster2,0,0,0,0,0,0,0,0,5522,1021,0,0,5664,0,0
Blattidae_cluster1,17531,4980,12157,34552,20906,26855,28418,17238,32786,25359,39667,23775,37389,15443,8418
Bolitophilidae_cluster1,0,0,0,0,0,675,0,0,0,0,0,0,0,0,78
Bolitophilidae_cluster4,0,0,0,0,0,883,0,0,0,0,0,0,0,0,0
Braconidae_cluster148,0,0,0,0,0,0,0,1812,0,0,0,0,0,0,0
Braconidae_cluster315,0,0,232,0,0,0,0,0,0,0,0,0,0,0,0
Braconidae_cluster44,0,0,0,0,0,0,0,0,0,0,0,817,0,0,0
Braconidae_cluster52,0,0,0,0,0,123,0,0,0,0,0,0,0,0,0
Braconidae_cluster529,0,0,0,0,0,0,0,0,768,0,0,0,0,0,0
Braconidae_cluster638,0,0,0,0,0,242,0,0,0,0,0,0,0,0,0
Braconidae_cluster68,0,0,0,0,0,0,0,0,0,0,0,0,0,0,0
Brentidae_cluster1,0,42,37,1614,0,54,0,0,0,0,0,0,0,0,0
Caeciliusidae_cluster1,0,0,0,0,0,0,0,0,0,0,27216,849,0,0,0
Calliphoridae_cluster3,0,1109,0,0,0,0,0,0,0,0,0,0,0,0,0
Calliphoridae_cluster7,0,0,0,0,99,0,0,0,0,0,0,0,0,0,0
Cecidomyiidae_cluster130,0,0,0,0,0,0,0,0,0,0,0,0,0,0,5478
Cecidomyiidae_cluster132,0,0,0,1230,0,0,0,0,0,0,0,0,0,0,0
Cecidomyiidae_cluster1372,0,203,0,0,0,0,0,0,0,0,0,0,0,0,0
Cecidomyiidae_cluster1412,0,0,0,0,0,0,0,0,60,0,0,0,0,0,0
Cecidomyiidae_cluster142,1637,182,0,0,0,0,0,0,0,0,0,0,0,730,0
Cecidomyiidae_cluster148,0,0,0,0,0,3743,0,0,0,0,0,0,0,0,0
Cecidomyiidae_cluster153,0,270,0,0,0,0,0,0,0,0,0,0,0,0,0
Cecidomyiidae_cluster156,0,0,0,0,0,1930,0,0,0,0,0,0,0,0,0
Cecidomyiidae_cluster1587,0,0,0,0,0,0,0,380,0,0,0,0,0,0,0
Cecidomyiidae_cluster172,0,0,0,18372,0,3957,0,2180,0,0,0,0,0,0,0
Cecidomyiidae_cluster174,17,14,224,573,0,1215,0,0,0,0,0,0,0,0,0
Cecidomyiidae_cluster177,0,0,0,29084,0,0,0,0,0,0,0,0,0,0,0
Cecidomyiidae_cluster194,36,0,0,0,0,0,0,0,0,0,0,0,0,0,0
Cecidomyiidae_cluster198,0,0,0,0,0,0,0,5861,0,0,0,3246,0,0,2175
Cecidomyiidae_cluster2,0,209,0,0,0,16003,0,1810,0,0,0,0,0,0,0
Cecidomyiidae_cluster2096,0,0,0,0,0,0,0,0,0,0,0,0,0,0,0
Cecidomyiidae_cluster23,0,59,0,0,0,0,0,0,0,0,0,0,0,0,0
Cecidomyiidae_cluster25,0,0,0,0,0,1298,0,0,0,0,0,0,0,0,0
Cecidomyiidae_cluster313,0,0,0,0,0,2783,0,0,0,0,0,0,0,0,863
Cecidomyiidae_cluster316,0,0,0,0,0,0,0,14405,0,0,0,0,0,0,0
Cecidomyiidae_cluster32,0,0,11830,3486,0,0,0,236,0,0,0,0,0,0,0
Cecidomyiidae_cluster34,0,0,0,43238,0,0,0,0,0,0,0,0,0,0,0
Cecidomyiidae_cluster43,0,0,0,0,0,6729,0,0,0,0,0,0,0,0,0
Cecidomyiidae_cluster436,481,0,0,0,0,0,0,0,0,0,0,0,0,0,0
Cecidomyiidae_cluster46,0,0,0,0,0,36316,0,0,0,0,0,0,0,0,0
Cecidomyiidae_cluster544,0,0,0,0,0,0,0,0,0,0,246,0,0,0,0
Cecidomyiidae_cluster599,0,0,0,0,0,0,0,4672,0,0,0,0,0,0,0
Cecidomyiidae_cluster6,0,0,0,21405,0,0,6264,36224,18,0,0,0,0,0,0
Cecidomyiidae_cluster615,0,0,0,0,0,3709,0,0,0,0,0,0,0,0,0
Cecidomyiidae_cluster653,0,0,0,0,0,0,0,0,0,0,0,0,0,0,249
Cecidomyiidae_cluster662,0,0,0,0,0,2484,0,0,0,0,0,0,0,0,0
Cecidomyiidae_cluster70,0,0,0,0,0,40774,0,0,0,0,0,0,0,0,2840
Cecidomyiidae_cluster790,0,62,0,0,0,0,0,0,0,0,0,0,0,0,0
Cecidomyiidae_cluster849,0,0,548,2512,0,0,0,0,0,0,0,0,0,0,0
Cecidomyiidae_cluster920,0,0,0,990,0,0,0,0,0,0,0,0,0,0,0
Cecidomyiidae_cluster99,0,0,0,0,0,0,0,0,0,0,4671,0,0,0,0
Cerambycidae_cluster17,0,0,0,0,0,0,0,0,0,0,0,0,0,0,0
Cerambycidae_cluster3,0,0,0,101,0,0,0,0,0,0,0,0,0,0,0
Ceraphronidae_cluster123,13,0,0,0,0,0,0,0,0,0,0,0,0,0,0
Ceraphronidae_cluster4,0,46,0,49,0,0,117,0,8,0,0,0,0,0,0
Ceraphronidae_cluster9,0,0,140,0,0,0,0,58,0,0,0,0,0,0,0
Ceratopogonidae_cluster44,0,0,0,0,0,44,0,0,0,0,0,0,0,0,0
Ceratopogonidae_cluster45,0,0,0,0,0,0,0,0,0,0,0,0,0,0,527
Ceratopogonidae_cluster67,0,0,0,0,0,5223,0,0,0,0,0,0,0,0,0
Chamaemyiidae_cluster1,0,0,213,0,0,0,0,0,14494,0,0,0,0,0,0
Chironomidae_cluster1,4839,2206,69498,25315,35763,0,4786,0,0,0,0,0,0,0,0
Chironomidae_cluster10,0,0,0,0,0,5477,0,0,0,0,0,0,0,0,0
Chironomidae_cluster104,0,0,0,0,0,5160,0,0,0,0,0,0,0,0,0
Chironomidae_cluster105,0,0,0,0,0,8392,0,0,0,0,0,0,0,0,0
Chironomidae_cluster11,3476,2471,0,0,0,0,52174,0,0,0,0,0,0,0,45612
Chironomidae_cluster15,6337,0,5243,0,0,0,12922,10438,0,0,0,0,0,0,0
Chironomidae_cluster17,0,418,0,0,0,0,0,0,0,0,0,0,0,0,0
Chironomidae_cluster19,0,6063,0,9811,0,0,8101,0,0,0,0,0,0,0,0
Chironomidae_cluster2,0,0,0,7548,0,1292,0,15719,0,0,0,0,0,0,0
Chironomidae_cluster222,0,0,0,0,0,0,0,0,5092,0,0,0,0,0,0
Chironomidae_cluster224,0,0,0,0,0,5367,0,0,0,0,0,0,0,0,0
Chironomidae_cluster23,0,0,0,0,0,5325,0,0,0,0,0,0,0,0,0
Chironomidae_cluster24,28,0,42851,29647,25656,3624,0,3789,8,0,0,0,1525,1469,2457
Chironomidae_cluster25,0,0,1023,0,0,0,0,0,0,0,0,0,0,0,0
Chironomidae_cluster26,0,0,0,13257,0,15066,8761,0,0,0,0,0,0,0,0
Chironomidae_cluster3,0,1602,0,0,0,6532,5374,0,0,0,0,0,0,0,16164
Chironomidae_cluster30,0,0,0,0,0,0,0,0,0,0,0,0,0,0,12052
Chironomidae_cluster312,0,0,0,0,0,2743,0,0,0,0,0,0,0,0,0
Chironomidae_cluster32,2869,264,0,13032,0,2469,0,0,7453,57,0,18783,0,0,0
Chironomidae_cluster341,0,0,0,0,0,0,0,0,0,0,0,0,0,2125,0
Chironomidae_cluster387,0,1382,0,0,0,0,0,0,0,0,0,0,0,0,0
Chironomidae_cluster41,0,0,0,0,0,0,0,0,0,0,0,0,1352,0,0
Chironomidae_cluster415,0,0,0,0,487,0,0,0,0,0,0,0,0,0,0
Chironomidae_cluster44,85768,4275,0,0,0,0,0,0,0,0,0,0,0,12829,0
Chironomidae_cluster440,823,0,0,0,0,0,0,0,0,0,0,0,0,0,0
Chironomidae_cluster51,0,0,0,18112,0,3235,2748,3718,0,0,0,4101,0,0,125
Chironomidae_cluster532,0,545,0,0,0,0,245,0,0,0,0,0,0,0,0
Chironomidae_cluster60,0,0,0,39,0,23022,0,14257,0,0,0,0,0,0,0
Chironomidae_cluster89,0,0,0,0,0,0,0,0,0,0,1244,0,0,0,0
Chironomidae_cluster9,5536,0,44361,15053,12011,1074,0,1350,676,0,5131,0,0,0,0
Chloropidae_cluster10,0,0,40,0,511,0,0,0,0,0,0,0,0,0,0
Chloropidae_cluster48,0,583,0,0,0,0,0,0,0,0,0,0,0,0,0
Chloropidae_cluster8,1408,312,0,0,4532,0,0,0,0,0,0,0,0,0,0
Chrysomelidae_cluster25,0,0,0,2577,0,0,0,0,27,0,0,0,0,0,0
Chrysomelidae_cluster3,0,0,0,0,0,0,0,0,0,0,0,0,14,0,0
Chrysomelidae_cluster30,0,0,0,0,0,0,0,0,0,0,58,79,0,0,0
Chrysomelidae_cluster55,0,0,0,0,0,0,0,0,0,0,0,0,0,0,0
Chrysomelidae_cluster9,0,0,0,0,0,0,0,0,0,0,0,0,0,0,0
Chrysopidae_cluster3,0,0,0,57,0,0,0,0,0,0,0,0,12,0,0
Chrysopidae_cluster4,0,0,0,0,0,0,0,0,0,850,0,0,0,0,0
Cicadellidae_cluster1,536,0,0,0,0,0,0,1168,7901,817,0,0,0,0,0
Cicadellidae_cluster13,0,0,0,0,0,104,0,0,0,0,333,0,0,0,35
Cicadellidae_cluster169,0,0,0,0,0,0,0,0,0,0,0,0,0,0,0
Cicadellidae_cluster2,0,0,0,0,0,1001,0,28031,0,0,0,0,0,0,0
Cicadellidae_cluster31,104,0,697,0,0,0,0,0,0,0,0,0,0,0,0
Cicadellidae_cluster4,1412,208,0,33,423,0,0,0,0,0,0,362,0,115,5296
Cicadellidae_cluster8,0,0,0,1776,0,0,0,0,0,0,0,0,0,0,0
Cleridae_cluster1,136,59,25,0,0,0,0,0,60,0,0,0,0,0,0
Clubionidae_cluster5,0,0,0,36015,0,0,0,3399,0,0,0,0,0,0,0
Clubionidae_cluster6,0,5763,0,0,0,0,0,0,0,0,0,0,0,0,0
Clubionidae_cluster8,0,0,0,0,0,0,1545,0,7311,0,0,0,0,0,40
Coccinellidae_cluster1,0,0,122,2966,0,0,0,0,0,0,0,0,0,0,0
Coccinellidae_cluster11,0,0,0,40,0,0,0,29,0,0,0,0,0,0,0
Coccinellidae_cluster19,0,0,162,0,0,0,0,0,0,0,0,0,0,0,0
Cryptophagidae_cluster1,0,0,0,0,0,0,0,0,0,396,0,0,0,0,0
Cryptophagidae_cluster2,0,0,0,0,0,0,0,0,0,0,0,0,0,0,0
Cryptophagidae_cluster3,0,0,0,0,0,0,0,0,0,0,0,0,0,0,0
Culicidae_cluster4,0,0,0,0,0,10709,0,0,0,0,0,0,0,0,0
Curculionidae_cluster1,0,0,0,0,0,9403,0,19973,0,0,0,0,0,0,0
Curculionidae_cluster11,0,0,0,0,0,0,0,0,0,0,0,96,0,0,0
Curculionidae_cluster16,0,0,0,0,0,0,0,0,0,0,0,142,0,0,0
Curculionidae_cluster2,0,0,0,0,0,0,0,0,36,0,0,0,6271,0,0
Curculionidae_cluster21,0,0,0,0,0,0,0,0,0,0,0,0,0,0,0
Curculionidae_cluster22,0,0,0,0,0,0,0,0,0,0,0,0,0,0,0
Curculionidae_cluster24,0,0,0,0,0,0,0,0,0,0,82,42,0,0,0
Curculionidae_cluster3,0,0,0,0,0,0,0,0,0,31,0,0,0,0,0
Curculionidae_cluster38,0,0,0,0,0,0,0,0,0,0,0,0,0,0,0
Curculionidae_cluster5,0,0,0,0,0,2249,0,0,0,0,0,0,0,0,0
Curculionidae_cluster8,27,0,33,181,0,0,0,0,0,0,0,0,0,0,0
Cybaeidae_cluster1,1075,727,0,0,0,0,0,0,0,0,130,0,0,0,528
Cynipidae_cluster13,0,0,0,0,0,0,0,0,0,0,0,0,406,0,0
Diapriidae_cluster1,0,0,0,0,0,107,0,0,0,0,0,0,0,0,0
Diapriidae_cluster119,0,0,0,0,0,0,0,0,0,0,0,0,0,0,0
Diapriidae_cluster163,0,0,0,0,0,0,39,0,0,0,0,0,0,0,0
Diapriidae_cluster169,0,0,0,0,0,0,0,0,0,0,0,0,13,0,0
Diapriidae_cluster19,0,0,16,44,0,0,0,16,0,0,0,0,0,0,0
Diapriidae_cluster22,0,0,0,0,0,0,0,0,74,0,0,0,0,0,0
Diapriidae_cluster30,0,6,0,0,0,0,0,0,30,0,0,0,11,0,0
Diapriidae_cluster328,0,6,0,0,0,0,0,0,0,0,0,0,0,0,0
Diapriidae_cluster71,0,0,0,0,0,0,0,0,0,0,171,0,0,0,0
Diapriidae_cluster9,0,0,0,0,0,190,0,0,0,0,0,0,0,0,0
Dictynidae_cluster1,0,0,0,0,0,0,0,0,0,0,442,0,0,0,0
Diprionidae_cluster8,0,0,0,0,0,0,0,0,0,0,0,1628,0,0,0
Dolichopodidae_cluster12,0,0,0,0,0,0,0,0,0,0,0,0,368,0,0
Dolichopodidae_cluster38,0,0,0,0,0,2704,0,0,0,0,0,0,0,0,0
Drosophilidae_cluster1,3936,1856,2271,18254,1224,4094,9071,23347,4326,7505,12044,4152,4613,20349,18460
Drosophilidae_cluster11,0,0,0,0,0,0,0,0,0,0,0,0,0,0,0
Drosophilidae_cluster12,211,0,0,736,0,0,0,0,0,0,0,0,137,0,0
Drosophilidae_cluster2,5763,232,689,29059,0,774,720,779,2079,8199,2156,9992,2159,1431,0
Drosophilidae_cluster3,81,381,239,915,620,69,27,7440,2657,244,37409,1291,2093,1384,1126
Dryinidae_cluster29,0,0,0,627,0,0,0,0,0,0,0,0,0,0,0
Ectobiidae_cluster1,6091,0,0,18467,0,0,0,0,0,0,0,0,0,0,0
Elachistidae_cluster1,0,0,3065,27192,0,10089,0,17398,0,0,0,0,0,0,0
Elachistidae_cluster2,705,7,0,0,0,0,0,0,0,0,0,0,0,0,0
Elachistidae_cluster6,0,0,0,0,0,0,0,0,8781,0,0,0,0,0,0
Elachistidae_cluster9,0,0,0,0,0,16440,0,0,0,0,0,0,0,0,0
Elateridae_cluster1,0,0,0,0,0,0,0,569,0,0,0,0,0,0,0
Empididae_cluster16,0,0,0,0,0,2901,0,7533,0,0,0,0,0,0,0
Empididae_cluster56,0,0,0,0,0,718,0,0,0,0,0,0,0,0,0
Empididae_cluster9,0,141,0,0,0,0,0,0,0,0,0,0,0,0,0
Entomobryidae_cluster1,165575,66143,116774,56044,37213,148626,282249,162312,6027,150153,54064,233073,7986,208753,81718
Entomobryidae_cluster11,49430,21240,225,0,0,17562,48212,12569,0,5711,8140,818,185,37037,13180
Entomobryidae_cluster165,0,0,0,0,0,0,0,0,0,0,0,0,0,0,0
Entomobryidae_cluster2,33828,15607,377,0,0,800,92818,1692,5248,187,35,77495,11,68566,48700
Entomobryidae_cluster33,0,0,0,3893,6515,0,0,21557,0,0,0,0,0,0,0
Entomobryidae_cluster5,6930,10346,0,0,0,0,4635,0,4027,0,0,0,0,0,0
Entomobryidae_cluster6,115,26,0,963,0,3293,7276,6175,26443,10609,26579,73018,8187,0,0
Entomobryidae_cluster7,22555,504,0,9691,0,244,15839,231,60702,10702,58372,108875,2773,0,0
Ephydridae_cluster6,39,0,0,0,0,0,0,0,0,0,0,0,0,144,0
Eremaeidae_cluster1,0,0,0,0,0,0,0,0,0,0,0,0,0,0,0
Eriocraniidae_cluster7,0,416,0,0,0,0,0,0,0,0,0,0,0,0,0
Fanniidae_cluster4,0,0,0,0,0,3515,0,0,0,0,0,0,0,0,0
Fanniidae_cluster8,0,0,0,0,0,4241,0,0,0,0,0,0,0,0,0
Formicidae_cluster1,0,0,0,0,0,0,0,0,0,0,0,0,0,0,0
Formicidae_cluster2,0,0,0,0,0,0,0,0,0,0,0,0,253,0,0
Formicidae_cluster3,0,0,0,0,0,0,0,0,0,0,0,0,0,0,0
Formicidae_cluster6,0,0,0,71,0,0,0,0,0,0,0,0,0,0,0
Formicidae_cluster7,0,0,0,0,0,0,0,0,0,0,0,0,0,0,0
Gelechiidae_cluster13,0,0,0,0,0,16350,0,0,0,0,0,0,0,0,0
Gelechiidae_cluster14,0,0,0,0,0,0,0,0,0,0,1067,0,0,0,0
Gracillariidae_cluster2,0,0,0,0,0,0,0,0,3641,0,0,0,0,0,0
Gracillariidae_cluster3,0,0,1868,4766,0,1793,0,12223,0,0,0,0,0,0,0
Gryllidae_cluster1,4302,6551,14054,12324,3791,3506,8714,14473,21291,3515,10439,26471,46179,24151,8330
Gryllidae_cluster2,2323,651,3231,18338,6177,2710,313,7737,11182,2170,1136,6945,5638,2443,1570
Halolaelapidae_cluster3,0,0,0,0,0,0,0,0,0,0,63,0,0,0,0
Heleomyzidae_cluster1,2,6573,483,15455,203,0,0,0,0,0,0,0,0,0,2856
Heleomyzidae_cluster10,0,0,0,0,0,0,0,0,9255,0,0,0,12786,0,0
Heleomyzidae_cluster11,0,0,0,0,0,0,0,0,0,0,0,0,444,0,0
Heleomyzidae_cluster23,0,0,164,0,0,0,0,0,0,0,0,0,0,0,0
Heleomyzidae_cluster45,33,0,0,0,0,0,0,0,0,0,0,0,0,0,0
Hybotidae_cluster119,0,0,0,0,53,0,0,0,0,0,0,0,0,0,0
Hybotidae_cluster98,0,0,0,27,0,0,0,0,0,0,0,0,0,0,0
Hypogastruridae_cluster2,0,0,0,0,0,0,0,0,0,2085,0,504,36,0,0
Ichneumonidae_cluster1211,0,0,0,17,0,0,0,0,0,0,0,0,0,0,0
Ichneumonidae_cluster123,0,0,0,54,483,0,0,0,0,0,0,0,0,0,0
Ichneumonidae_cluster125,0,0,0,7007,0,0,0,255,0,0,0,0,0,0,0
Ichneumonidae_cluster132,0,0,0,163,0,0,0,0,0,0,0,0,0,0,0
Ichneumonidae_cluster179,0,338,0,0,0,0,0,0,0,0,0,0,0,0,0
Ichneumonidae_cluster221,0,27,0,0,0,0,0,0,0,0,0,0,0,0,0
Ichneumonidae_cluster239,0,0,0,0,0,0,0,98,0,0,0,0,0,0,0
Ichneumonidae_cluster311,0,0,0,0,0,0,0,0,1254,0,0,0,0,0,0
Ichneumonidae_cluster319,0,0,660,15034,0,14,0,1182,0,0,0,0,0,0,0
Ichneumonidae_cluster332,0,0,0,0,76,0,0,0,0,0,0,0,0,0,0
Ichneumonidae_cluster441,0,0,0,0,0,0,0,0,0,0,0,0,41,0,0
Ichneumonidae_cluster512,0,0,0,0,0,0,0,0,0,0,0,0,0,0,0
Ichneumonidae_cluster580,0,0,0,0,0,0,0,0,0,0,0,0,0,0,0
Ichneumonidae_cluster615,0,0,0,0,0,0,0,0,258,0,0,0,0,0,0
Ichneumonidae_cluster64,0,0,0,0,590,0,0,267,0,0,0,0,0,0,0
Ichneumonidae_cluster656,0,13,0,143,0,0,0,0,0,0,0,0,0,0,0
Ichneumonidae_cluster73,0,0,0,0,0,0,0,0,0,66,0,0,0,0,0
Ichneumonidae_cluster743,0,0,0,4090,0,0,0,0,0,0,0,0,0,0,0
Ichneumonidae_cluster867,0,0,0,0,0,0,0,0,0,0,0,0,0,0,594
Ichneumonidae_cluster882,0,11,0,0,0,0,2704,0,0,0,0,0,0,0,0
Isotomidae_cluster8,0,0,0,0,0,0,982,0,0,0,0,0,0,0,0
Latridiidae_cluster1,0,0,0,90,0,0,0,42,0,0,0,0,0,0,0
Latridiidae_cluster10,0,0,0,0,0,0,0,0,0,0,0,0,0,0,0
Latridiidae_cluster15,0,0,0,0,0,0,0,0,0,0,0,0,0,0,0
Latridiidae_cluster2,0,0,0,0,0,0,0,0,56,0,0,0,0,0,0
Latridiidae_cluster3,0,0,0,0,0,0,0,0,0,0,0,0,0,0,0
Latridiidae_cluster4,0,0,0,0,0,0,0,0,0,0,0,47,0,0,0
Latridiidae_cluster7,0,0,0,0,0,0,0,0,0,0,0,0,0,0,0
Linyphiidae_cluster112,0,0,0,0,0,0,0,23,0,0,0,0,0,0,0
Linyphiidae_cluster20,95,23,0,0,0,1195,0,0,0,0,0,0,0,0,0
Linyphiidae_cluster57,0,0,0,0,0,0,0,0,0,0,0,903,0,0,2245
Linyphiidae_cluster87,0,0,0,0,0,0,0,19,0,0,0,0,0,0,0
Linyphiidae_cluster89,0,0,0,0,0,0,0,9,0,0,0,0,0,0,0
Liocranidae_cluster1,0,0,0,0,0,0,0,0,0,0,0,1264,0,0,0
Lonchaeidae_cluster1,0,0,0,1920,0,0,0,0,0,0,0,0,0,0,0
Lycaenidae_cluster1,0,0,0,0,0,0,80873,0,0,0,0,0,0,0,0
Lygaeidae_cluster1,0,0,0,0,0,195,0,0,0,0,0,0,0,0,0
Lymexylidae_cluster1,14955,26124,0,0,0,0,62649,0,0,0,0,0,0,21,0
Lyonetiidae_cluster4,0,40,0,0,0,0,0,0,0,0,0,0,0,0,0
Lyonetiidae_cluster5,0,0,149,0,0,0,0,0,0,0,0,0,0,0,0
Lypusidae_cluster2,0,0,11900,11074,10656,0,0,0,0,0,0,0,0,0,0
Megaspilidae_cluster5,0,0,0,17,0,0,0,0,0,0,0,0,0,0,0
Milichiidae_cluster1,0,0,0,0,0,0,0,5444,0,0,0,0,0,0,0
Miridae_cluster1,0,0,0,0,0,8014,0,3529,0,0,0,0,0,0,0
Miridae_cluster2,0,364,0,0,0,0,0,0,0,0,0,0,107,0,0
Miridae_cluster20,0,0,0,0,0,0,0,0,0,0,1029,0,0,0,0
Miridae_cluster26,0,332,0,0,0,0,0,0,0,0,0,0,0,0,0
Miridae_cluster35,0,0,0,0,0,4,0,0,0,0,0,0,0,0,0
Miridae_cluster7,0,679,0,351,0,0,0,0,0,0,0,0,0,0,0
Monotomidae_cluster1,0,0,0,0,0,0,0,0,45,155,0,0,0,0,258
Muscidae_cluster11,0,0,0,0,0,0,0,483173,0,0,0,0,0,0,41
Muscidae_cluster122,0,0,155,576,290,0,0,0,0,0,0,0,0,88,0
Muscidae_cluster14,2457,684,222,1665,343,0,0,0,15722,0,0,0,0,0,0
Muscidae_cluster2,0,0,8242,0,20414,35898,0,0,0,0,0,0,0,0,0
Muscidae_cluster23,0,0,0,0,0,0,0,174958,0,0,0,0,0,0,0
Muscidae_cluster28,2875,16034,2087,22311,6835,3550,62343,0,22360,0,0,0,5169,21760,0
Muscidae_cluster31,0,0,0,0,0,0,0,14972,0,0,0,0,0,0,0
Muscidae_cluster39,110,110,606,10857,101,0,0,0,0,0,0,0,544,0,0
Muscidae_cluster54,430,628,1594,0,3716,0,0,7378,0,0,0,0,0,0,1216
Muscidae_cluster73,0,0,600,0,775,0,0,0,0,0,0,0,0,0,0
Mycetophagidae_cluster1,0,0,0,912,0,0,0,0,0,0,0,0,0,0,0
Mycetophilidae_cluster1,0,0,263,0,382,0,0,0,0,0,0,6965,0,0,0
Mycetophilidae_cluster103,284,0,0,0,0,0,0,0,0,0,0,0,0,0,0
Mycetophilidae_cluster11,66,0,6102,4543,1512,1147,0,1237,2501,33322,551,3838,7567,0,0
Mycetophilidae_cluster113,0,0,0,0,0,0,0,0,0,260,0,0,0,0,0
Mycetophilidae_cluster148,0,0,0,0,0,81,0,0,0,0,0,0,0,0,91
Mycetophilidae_cluster152,0,0,0,0,0,798,0,0,0,0,0,0,0,0,0
Mycetophilidae_cluster177,19,0,0,0,0,0,0,0,0,0,0,0,0,0,0
Mycetophilidae_cluster185,262,0,0,0,0,0,0,0,0,0,0,0,0,0,0
Mycetophilidae_cluster190,0,0,0,0,0,0,0,0,0,0,0,0,0,0,0
Mycetophilidae_cluster23,135,564,3491,0,0,0,0,0,14654,10723,0,0,6258,0,0
Mycetophilidae_cluster27,164,0,3125,5440,953,915,0,494,0,0,0,0,0,0,0
Mycetophilidae_cluster270,0,0,0,0,0,133,0,0,0,0,0,0,0,0,0
Mycetophilidae_cluster284,0,0,0,0,0,0,0,0,0,0,0,228,0,0,0
Mycetophilidae_cluster29,0,2009,0,0,0,0,176,0,0,0,0,0,0,0,0
Mycetophilidae_cluster3,0,0,0,2166,0,37702,69,9698,0,0,0,0,0,0,163
Mycetophilidae_cluster30,0,0,391,0,0,0,0,0,0,0,0,0,0,0,0
Mycetophilidae_cluster306,0,0,0,0,0,0,0,0,0,0,0,0,1624,0,0
Mycetophilidae_cluster312,0,0,0,0,0,0,37,0,0,0,0,0,0,0,263
Mycetophilidae_cluster348,0,0,0,0,0,0,0,0,0,0,0,0,423,0,0
Mycetophilidae_cluster45,0,0,0,0,584,0,0,0,0,0,0,0,0,0,0
Mycetophilidae_cluster457,0,40,0,0,0,0,0,0,0,0,0,0,0,0,0
Mycetophilidae_cluster48,0,0,0,0,0,2675,0,0,0,0,0,0,0,0,0
Mycetophilidae_cluster5,0,0,519,206,0,301,0,0,0,0,0,0,0,0,0
Mycetophilidae_cluster59,0,2,0,1005,0,4867,0,1006,0,0,0,0,0,0,0
Mycetophilidae_cluster63,0,0,0,0,0,1301,0,405,0,0,0,0,0,0,0
Mycetophilidae_cluster9,0,0,0,0,0,0,0,0,0,0,0,0,5326,0,0
Mycetophilidae_cluster97,0,0,0,0,0,204,0,0,0,0,0,0,0,0,0
Nabidae_cluster3,0,0,0,0,0,158,0,0,0,0,0,0,0,0,0
Noctuidae_cluster15,10848,0,0,0,0,0,0,0,0,0,0,0,0,0,0
Noctuidae_cluster26,0,0,0,0,0,0,0,0,0,0,0,0,0,0,0
Orchesellidae_cluster1,17898,729,0,0,0,0,0,0,0,0,0,0,0,0,9744
Oribatulidae_cluster1,0,0,0,0,0,0,0,0,94,135,194,48,0,0,0
Oribatulidae_cluster2,0,0,0,0,0,0,0,0,928,580,38,291,66,0,0
Parasitidae_cluster1,0,520,0,0,0,0,0,0,0,0,0,0,0,0,0
Philodromidae_cluster1,0,449,0,0,0,0,0,0,4660,0,3419,0,0,0,0
Philodromidae_cluster10,0,0,0,0,0,0,0,206,0,0,0,0,0,0,0
Philodromidae_cluster9,0,0,0,2413,0,0,0,0,0,0,0,0,0,54,235
Phoridae_cluster102,0,0,107,0,0,0,0,0,0,0,0,0,0,0,0
Phoridae_cluster106,0,25,0,207,0,0,0,0,0,0,0,0,0,0,0
Phoridae_cluster11,315,0,508,856,4582,384,0,3858,0,0,0,0,0,0,0
Phoridae_cluster115,0,72,0,0,0,0,0,0,0,0,0,0,0,0,0
Phoridae_cluster118,0,0,0,15856,0,0,0,0,0,0,0,0,0,0,0
Phoridae_cluster127,0,0,0,0,0,0,218,0,0,0,0,0,0,0,0
Phoridae_cluster13,603,0,0,0,0,0,0,0,0,0,0,0,0,0,0
Phoridae_cluster14,0,0,0,30,0,0,0,0,0,0,0,0,0,0,0
Phoridae_cluster15,0,0,0,0,146,0,0,0,0,0,0,0,0,0,0
Phoridae_cluster155,0,0,0,0,57,0,0,0,0,0,0,0,0,0,0
Phoridae_cluster163,0,0,0,0,0,0,0,0,0,0,0,943,0,0,0
Phoridae_cluster169,0,0,0,156,0,0,0,0,0,0,0,0,0,0,0
Phoridae_cluster17,278,26,782,659,1936,1230,0,80,0,0,0,0,750,0,0
Phoridae_cluster21,0,0,40,0,0,0,0,0,0,0,0,0,0,0,0
Phoridae_cluster251,0,0,0,0,0,0,0,139,0,0,0,0,0,0,0
Phoridae_cluster253,0,0,0,0,0,0,0,0,0,0,0,0,1998,0,0
Phoridae_cluster27,329,0,26,0,220,0,0,0,0,0,0,0,0,0,0
Phoridae_cluster303,0,0,0,0,49,0,0,0,0,0,0,0,0,0,0
Phoridae_cluster31,0,0,0,0,0,97,0,0,0,0,0,16469,0,0,0
Phoridae_cluster35,0,0,0,0,0,0,0,0,0,0,0,6237,0,0,0
Phoridae_cluster4,1052,478,404,76,958,0,0,0,593,0,0,0,0,0,0
Phoridae_cluster42,0,0,0,0,0,252,0,0,0,0,0,0,0,0,0
Phoridae_cluster5,0,0,0,0,1747,0,0,0,0,0,0,0,8714,0,0
Phoridae_cluster52,0,0,579,681,803,234,0,1174,0,0,0,0,0,0,0
Phoridae_cluster53,0,20,0,0,0,0,0,0,1450,3546,0,0,0,0,0
Phoridae_cluster66,0,0,0,504,0,0,0,0,0,0,0,0,0,0,0
Phoridae_cluster69,0,0,0,0,0,0,0,0,0,724,0,0,0,0,0
Phoridae_cluster88,0,0,0,634,0,0,0,0,0,0,0,0,0,0,0
Phoridae_cluster97,0,0,0,0,0,639,0,0,0,0,0,0,0,0,0
Polleniidae_cluster1,5017,7407,8294,56367,10025,2133,42529,4116,76103,72129,0,0,16810,66672,0
Polleniidae_cluster2,31141,5422,1148,79254,987,0,32482,0,220,0,0,0,0,15340,15812
Polleniidae_cluster3,3607,0,885,612,1752,0,0,0,0,0,0,0,0,0,0
Polleniidae_cluster4,644,649,8115,10254,2698,0,0,0,0,0,0,0,0,0,0
Polleniidae_cluster5,92,0,116,0,347,0,0,0,0,0,0,0,0,0,0
Polleniidae_cluster6,1223,126,2254,10800,134911,82,0,0,0,0,0,0,0,13538,0
Polleniidae_cluster7,0,0,459,0,293,0,0,0,0,0,0,0,0,0,0
Psychodidae_cluster23,0,0,0,0,0,0,0,0,0,0,695,0,0,0,0
Psychodidae_cluster3,0,93,0,0,0,0,0,0,0,0,0,0,0,0,0
Psychodidae_cluster6,374,294,0,1724,0,18209,604,2319,0,0,0,0,0,0,0
Psyllidae_cluster1,0,0,0,147,0,0,0,0,0,0,0,0,0,0,0
Psyllidae_cluster6,0,0,4,0,780,0,0,0,0,0,0,0,0,0,0
Pteromalidae_cluster22,0,84,0,0,0,0,0,0,0,0,0,0,0,0,0
Ptinidae_cluster4,0,0,0,0,0,0,0,0,84,0,0,0,0,0,0
Rhyparochromidae_cluster11,0,0,0,40,74,0,0,0,0,0,0,0,0,0,0
Rhyparochromidae_cluster14,0,0,0,101,0,0,0,0,0,0,0,0,0,0,0
Rhyparochromidae_cluster4,0,64,0,3398,0,0,0,0,0,0,0,0,0,0,0
Rhyparochromidae_cluster7,0,0,0,0,0,0,0,0,128,0,0,0,0,0,0
Salpingidae_cluster1,0,0,0,0,0,0,0,0,0,0,0,0,0,0,0
Scathophagidae_cluster1,125727,84566,17006,108436,0,0,114072,240,312450,94,18,107397,157793,0,17040
Scathophagidae_cluster2,0,0,0,1239,0,0,0,0,0,0,0,0,0,0,0
Scathophagidae_cluster3,1381,1468,0,8918,0,0,0,6114,0,0,0,0,0,0,0
Scathophagidae_cluster4,0,0,0,0,0,0,0,15100,0,0,0,0,0,0,0
Scathophagidae_cluster7,1028,225,78,0,0,0,3213,0,13228,0,1446,0,981,0,0
Sciaridae_cluster1,2110,9163,137,6709,0,6152,82884,28556,7135,0,929,68912,0,0,570
Sciaridae_cluster103,0,0,0,0,0,0,0,459,0,0,0,0,0,0,0
Sciaridae_cluster104,0,0,0,0,0,0,0,2809,0,0,0,0,0,0,0
Sciaridae_cluster12,0,0,0,0,0,440,0,0,0,0,0,0,0,0,0
Sciaridae_cluster127,0,1286,0,0,0,0,0,0,0,0,0,0,0,0,942
Sciaridae_cluster129,0,0,0,0,0,13410,0,0,0,0,0,0,0,0,0
Sciaridae_cluster130,0,0,0,0,0,0,0,245,0,0,0,0,0,0,0
Sciaridae_cluster14,0,0,0,0,0,7053,0,7832,0,0,0,0,0,0,0
Sciaridae_cluster145,0,0,0,295,0,691,0,2045,0,0,0,0,0,0,0
Sciaridae_cluster155,0,0,0,3690,0,0,0,3463,0,0,0,0,0,0,0
Sciaridae_cluster159,0,0,0,0,0,233,0,0,0,0,0,0,0,0,0
Sciaridae_cluster161,0,0,0,5112,0,0,0,0,0,0,0,0,0,0,0
Sciaridae_cluster164,0,0,247,274,0,0,130,0,0,0,0,0,0,0,0
Sciaridae_cluster2,13615,4677,36711,26951,23595,3710,914,2099,0,1390,0,0,1289,1595,127
Sciaridae_cluster219,0,0,0,1155,0,0,0,0,0,0,0,0,0,0,0
Sciaridae_cluster23,0,0,3533,1241,0,0,0,1080,1287,0,0,2720,0,0,0
Sciaridae_cluster29,0,0,0,0,0,2472,0,0,0,0,0,0,0,0,0
Sciaridae_cluster3,0,0,0,0,0,64,0,0,0,0,0,0,0,0,0
Sciaridae_cluster30,0,0,0,0,0,0,0,0,216,0,0,0,0,0,0
Sciaridae_cluster38,0,0,1493,934,0,0,0,0,0,0,0,0,0,0,0
Sciaridae_cluster39,0,0,0,458,0,0,0,0,0,0,0,0,0,0,0
Sciaridae_cluster4,0,0,0,1837,0,26018,1651,4438,0,0,780,0,0,0,8535
Sciaridae_cluster40,0,0,5416,5651,133,85,0,3076,103,0,0,214,0,0,0
Sciaridae_cluster432,0,36,0,0,0,0,0,0,0,0,0,0,0,0,0
Sciaridae_cluster45,0,0,0,0,0,703,0,331,0,0,0,0,0,0,0
Sciaridae_cluster468,0,0,0,0,0,0,0,571,0,0,0,0,0,0,0
Sciaridae_cluster5,0,0,0,0,0,0,0,2064,0,0,1005,0,0,0,0
Sciaridae_cluster6,0,0,0,0,0,0,106,0,0,0,782,2383,0,0,0
Sciaridae_cluster62,0,0,0,0,0,7519,0,12255,0,0,627,0,0,0,0
Sciaridae_cluster7,0,0,0,0,0,1135,0,0,0,0,0,0,0,0,686
Sciaridae_cluster72,0,126,0,80,0,707,0,0,0,0,0,0,0,0,0
Sciaridae_cluster76,0,2407,0,0,0,0,0,4649,0,0,0,0,0,0,0
Sciaridae_cluster8,0,0,0,0,0,316,0,0,0,0,101,0,0,0,0
Sciaridae_cluster80,304,4384,0,439,0,113,1837,310,0,0,0,0,0,0,417
Sciaridae_cluster84,0,0,866,0,0,288,0,0,0,0,0,0,0,0,0
Sciaridae_cluster86,152,608,0,0,0,0,0,0,0,0,0,0,0,0,0
Sciaridae_cluster87,0,0,0,291,0,0,0,0,0,0,0,0,0,0,0
Sciaridae_cluster93,1010,48,0,0,0,0,0,0,348,0,0,0,0,0,0
Sciaridae_cluster95,0,0,340,0,0,0,0,0,0,0,0,0,0,0,0
Sciaridae_cluster97,0,0,0,1889,2011,0,0,0,0,0,0,0,0,0,0
Scirtidae_cluster1,0,349,0,0,0,0,814,0,0,0,0,0,0,0,0
Scirtidae_cluster3,0,0,0,0,191,0,0,0,0,0,0,0,0,0,0
Scirtidae_cluster4,0,76,0,894,0,201,0,0,0,0,0,0,0,0,0
Scirtidae_cluster6,8,429,0,0,0,0,0,0,0,0,0,0,0,0,0
Segestriidae_cluster1,0,0,0,0,0,0,0,0,23,0,0,0,0,0,0
Sepsidae_cluster2,0,0,101,0,0,0,0,0,0,0,0,0,0,0,0
Sepsidae_cluster4,0,0,918,0,6650,0,0,0,0,0,0,0,0,0,0
Sepsidae_cluster6,0,0,0,0,0,85,0,0,0,0,0,0,0,0,0
Sepsidae_cluster7,0,0,0,0,105,0,0,0,0,0,0,0,0,0,0
Silvanidae_cluster1,0,5,0,0,0,0,0,0,0,0,0,0,0,0,0
Simuliidae_cluster1,0,0,0,0,0,0,0,0,0,0,0,0,0,0,1708
Sphaeroceridae_cluster1,0,2019,1949,0,0,632,2007,0,0,0,0,0,0,0,0
Sphaeroceridae_cluster10,0,0,0,0,0,0,0,0,0,0,0,0,0,0,0
Sphaeroceridae_cluster12,0,0,0,0,0,1455,0,0,0,0,0,0,0,0,0
Sphaeroceridae_cluster25,0,0,0,108,0,0,0,0,0,0,0,0,0,0,0
Sphaeroceridae_cluster36,0,0,362,0,0,0,0,0,0,0,0,0,0,0,0
Sphaeroceridae_cluster5,0,0,363,1291,0,859,0,0,0,0,0,0,0,0,0
Sphaeroceridae_cluster63,0,0,0,130,0,0,0,0,0,0,0,0,0,0,0
Sphaeroceridae_cluster8,0,0,33,0,83,0,0,0,0,0,0,0,0,0,0
Staphylinidae_cluster210,0,32,0,0,0,0,0,0,0,0,0,0,0,0,0
Staphylinidae_cluster22,0,5,0,0,0,0,0,0,0,0,0,12,0,0,0
Staphylinidae_cluster25,0,0,0,0,0,0,0,0,0,0,0,0,0,0,0
Staphylinidae_cluster29,0,0,0,0,0,0,0,0,1484,0,0,0,0,0,0
Staphylinidae_cluster4,0,0,0,0,0,0,0,0,0,436,0,0,0,0,0
Staphylinidae_cluster7,0,0,0,0,60,0,1277,0,0,0,0,0,0,0,0
Staphylinidae_cluster9,0,0,0,0,0,0,0,0,0,0,0,0,0,0,0
Staphylinidae_cluster95,0,84,0,0,0,0,0,0,0,0,0,0,0,0,0
Tachinidae_cluster107,3944,0,0,0,0,0,0,0,0,0,0,0,0,0,0
Tachinidae_cluster14,1966,0,1338,0,0,0,0,0,0,0,0,0,0,0,0
Tachinidae_cluster19,776,0,4065,0,4615,8275,0,0,0,0,0,0,0,0,0
Tachinidae_cluster2,0,0,22,4558,0,0,0,0,0,0,0,0,0,0,0
Tachinidae_cluster29,0,0,0,9581,0,0,0,0,0,0,0,0,0,0,0
Tachinidae_cluster5,0,0,11,0,0,0,0,0,0,0,0,0,0,0,0
Tachinidae_cluster6,0,10167,0,0,0,0,0,0,0,0,0,0,0,0,0
Tachinidae_cluster8,0,0,0,0,0,13903,0,13174,0,0,0,0,0,0,0
Tachinidae_cluster81,0,0,0,19364,0,0,0,0,0,0,0,0,0,0,0
Tenthredinidae_cluster1,0,0,0,0,0,0,0,0,0,0,0,11588,0,0,0
Tenthredinidae_cluster63,0,0,0,3051,0,0,0,0,0,0,0,0,0,0,0
Tephritidae_cluster16,0,0,0,0,0,0,0,0,0,0,0,0,0,0,13
Tetragnathidae_cluster3,0,392,0,0,7944,0,0,0,0,0,0,0,0,0,0
Theridiidae_cluster1,0,99,0,0,0,0,0,0,0,0,0,0,0,0,0
Theridiidae_cluster2,0,0,0,0,0,0,245,0,0,0,0,0,1308,0,0
Theridiidae_cluster9,0,0,0,0,0,0,220,0,0,0,0,162,0,0,0
Thomisidae_cluster1,145,0,0,0,0,0,0,0,0,0,0,0,0,0,0
Thomisidae_cluster3,0,0,0,0,0,0,0,0,2911,0,0,0,0,0,0
Thripidae_cluster1,297,72,0,1110,0,104,357,3135,2700,0,0,309,0,0,799
Thripidae_cluster2,0,0,0,0,0,0,0,0,0,0,0,0,0,0,0
Thripidae_cluster3,0,0,0,23,0,0,0,108,0,0,0,0,0,0,0
Thripidae_cluster6,0,0,0,0,0,0,0,0,376,0,0,1036,0,0,0
Thripidae_cluster7,0,0,0,0,0,0,29,0,0,0,0,275,0,0,0
Thripidae_cluster9,0,0,0,0,0,0,0,0,0,0,0,0,0,0,0
Throscidae_cluster4,0,0,0,0,0,0,0,0,0,0,0,0,0,0,0
Tortricidae_cluster1,387,0,0,0,0,0,0,0,0,0,0,0,0,0,0
Tortricidae_cluster72,0,0,0,51490,0,0,0,0,0,0,0,0,0,0,0
Tortricidae_cluster92,11171,0,0,0,0,0,0,0,0,0,0,0,0,0,0
Trichoceridae_cluster1,6645,667,1353,9832,12789,0,0,0,0,17185,0,0,552,1038,0
Trichoceridae_cluster2,1145,129,0,0,1741,0,0,0,0,0,0,0,0,0,659
Trichoceridae_cluster3,11271,1964,8478,0,15190,0,0,0,0,8935,0,0,2194,6099,0
Triozidae_cluster1,0,0,0,146,471,0,0,0,0,0,0,0,0,0,0
Triozidae_cluster17,0,0,0,0,0,0,0,0,0,0,0,0,0,0,0
Triozidae_cluster3,0,0,0,0,0,2071,0,0,34,0,0,0,0,0,0
Triozidae_cluster5,0,0,0,0,0,0,0,0,0,0,0,0,0,0,400